sentiment,text,user
"positive","RT @pulseinfoframe: Did you know that we are on Instagram?\n\nJoin us there to learn more about specific registries, bust some research jargoâ€¦","ic3401"
"positive","RT @bigfatsurprise: Saturated fats don't cause heart disease. \nEven the USDA's own, most recent expert review showed 73-100% of studies didâ€¦","LibertyShovel"
"positive","RT @simonholdorf: Data Science is among the most in-demand disciplines in 2023 &amp; beyond!\n\nBecome a Data Scientist for free with these increâ€¦","Kross369"
"positive","RT @bigfatsurprise: Saturated fats don't cause heart disease. \nEven the USDA's own, most recent expert review showed 73-100% of studies didâ€¦","taratype1carniv"
"neutral","Director, Global RWE Data Science Analytics - Raritan, NJ, US.\nJanssen Global Services, LLC., a division of Johnsonâ€¦ https://t.co/klQ5FKX0H8","EUROHEOR"
"neutral","RT @ezekiel_aleke: Master Python and Data Science with these courses, Zero-to-Hero.\n\nSome give Certificate after completion.\n\nFor absolutelâ€¦","OEO_Dmanager"
"neutral","RT @JhayJahswill: Exploring data science with Helen. @DscEksu @gdgadoekiti \n#DevFest \n#DevFest22 \n#devfestado22 https://t.co/8YMEDloSPr","DrErioluwa"
"neutral","@chilagmanuel @PARODYELONHAIR @MansoorOsmar @GergelyOrosz If your degrees aren't in CS and you can't go back to schâ€¦ https://t.co/kc7BFoGcCm","brawnvivant"
"neutral","RT @cxdig: Statistical inference links data and theory in network science https://t.co/QK45xpfQzH https://t.co/YyBU7iupEi","ecomplex_lab"
"neutral","RT @bboczeng: æˆ‘å‘ç°äº†ä¸€ä¸ªç§˜å¯†ï¼š\nç°åœ¨æ‰€æœ‰çš„æ·±åº¦å­¦ä¹ æœ¬è´¨ä¸Šç¡®å®è¿˜æ˜¯data scienceï¼›å®é™…ä¸Šè¿˜æ˜¯æ²¡æœ‰é€ƒè„±ä»dataä¸­å­¦ä¹ åˆ†å¸ƒï¼Œç”¨éçº¿æ€§çš„é«˜ç»´å‡½æ•°å»æ¨¡æ‹ŸåŸåˆ†å¸ƒï¼ˆgenerative modelï¼‰æˆ–è€…æŠŠåŸåˆ†å¸ƒåˆ’åˆ†æˆå¤šä¸ªåŒºåŸŸï¼ˆdiscriminative modeâ€¦","ohta098"
"positive","RT @bigfatsurprise: Saturated fats don't cause heart disease. \nEven the USDA's own, most recent expert review showed 73-100% of studies didâ€¦","Illusionsfree"
"neutral","RT @AllForOsint: 4. Applications in Data Science &amp; AI: Cyber Intelligence OSINT - https://t.co/PE5szIraCa","Arifnaleraja"
"positive","RT @simonholdorf: Are you interested in any of these topics?ğŸ”¥\n\n- AWS, Azure, GCP â˜ï¸\n- Linux ğŸ§\n- Certifications ğŸ†\n- DevOps ğŸ› ï¸\n- Docker &amp; Kubâ€¦","johnnshaibu"
"positive","RT @paulabartabajo_: Wanna land a data science job?\n\nBuild ONE project that solves ONE real-world problem ğŸš€\n\n3 steps to find the right probâ€¦","rockefellar_tl"
"positive","What should I chose?\nR programming or Python.\nIf anyone have best course to suggest for these along with data science, please drop here.","Magical_45"
"positive","@wulfparanormal @SpiritStalkers_ Itâ€™s true! We keep a data log of weather and activity to see if thereâ€™s a correlatâ€¦ https://t.co/LFc3MJzhMR","bloodmooncrew"
"neutral","RT @trohit007: PYTHON VS R\nFOR DATA SCIENCE\n\n#python #datascience #r #programming #data #DataScientist #Statistics \n\nâ€¢ Where Python Excels:â€¦","presstorun"
"neutral","The data shows that schools which align their reading instruction with the Science of Reading can address the equitâ€¦ https://t.co/rRHjuqGR8R","WNYEdAlliance"
"positive","RT @paulabartabajo_: Wanna land a data science job?\n\nBuild ONE project that solves ONE real-world problem ğŸš€\n\n3 steps to find the right probâ€¦","badani_marco"
"positive","Regenerative ag is a better way to farm â€“ environmentally and economicallyâ€”but itâ€™s hard. As science, technology, dâ€¦ https://t.co/clMjnP2q5T","GVMaltzahn"
"positive","RT @paulabartabajo_: Wanna land a data science job?\n\nBuild ONE project that solves ONE real-world problem ğŸš€\n\n3 steps to find the right probâ€¦","_augtober"
"neutral","@ten_photos Neural Data Science .... #BrainHack","CyrilRPernet"
"positive","RT @bigfatsurprise: Saturated fats don't cause heart disease. \nEven the USDA's own, most recent expert review showed 73-100% of studies didâ€¦","GuyNAustin"
"positive","RT @AcademicaTopTen: YorkU launches new data science program, celebrates new collaborative program partnerships  #CDNPSE #HigherEd #Educatiâ€¦","YorkU_TandL"
"positive","RT @fabian_theis: Interested in a PhD in data science @TU_Muenchen eg in my or other labs? Munich Data Science Institute is offering Linde/â€¦","AleMedinaRivera"
"positive","RT @norfireland: 1/2 Last up is @HEAnetâ€™s Roberto Sabatino discussing the project targeting Action 6 to develop a national shared data storâ€¦","_open_science_"
"neutral","RT @DataScienceDojo: Don't forget to join us on November 23rd, our presenter, Alexander Baker will provide a hands-on skill-building webinaâ€¦","LeeMoras"
"neutral","RT @DataScienceDojo: ğŸ’¥ An overview of SQL commands!\nSource (LinkedIn group): Analytics &amp; Data Science Career \n\n#SQL #DataScience #Overviewâ€¦","deem3n_r"
"neutral","Join our introductory class TOMORROW as we learn geospatial Data Science by building an interactive map for businesâ€¦ https://t.co/lzb2rejikP","dsn_ai_network"
"neutral","RT @Senegalreek: @Babathiam01 @daoodaba975 @galsendev221 @AliouneXtended @AcademySonatel @MrGueye4 @kalikaseydiba Python est utilisÃ©e dansâ€¦","Babathiam01"
"positive","RT @simonholdorf: Are you interested in any of these topics?ğŸ”¥\n\n- AWS, Azure, GCP â˜ï¸\n- Linux ğŸ§\n- Certifications ğŸ†\n- DevOps ğŸ› ï¸\n- Docker &amp; Kubâ€¦","BlackHero_Diego"
"positive","RT @generic_void: Wow I absolutely have to take a data science course. Honestly kinda shocked it isn't a program requirement. Econometricsâ€¦","KwekuOA"
"positive","@SubstackLinda @SubstackInc @streamlit Guys would love to see a collab, an area where we can host streamlit apps onâ€¦ https://t.co/WK4iaKbZ4G","TradingHurst"
"neutral","RT @ezekiel_aleke: Master Python and Data Science with these courses, Zero-to-Hero.\n\nSome give Certificate after completion.\n\nFor absolutelâ€¦","paulocr2"
"neutral","RT @ezekiel_aleke: Master Python and Data Science with these courses, Zero-to-Hero.\n\nSome give Certificate after completion.\n\nFor absolutelâ€¦","MarcoChiaradia1"
"neutral","RT @ezekiel_aleke: Master Python and Data Science with these courses, Zero-to-Hero.\n\nSome give Certificate after completion.\n\nFor absolutelâ€¦","danmosiah"
"positive","RT @gp_pulipaka: Huge List of Free #DataScience eBooks. #BigData #Analytics #IoT #IIoT #PyTorch #Python #RStats #TensorFlow #Java #JavaScriâ€¦","PythonBot_By_PM"
"positive","RT @gp_pulipaka: Huge List of Free #DataScience eBooks. #BigData #Analytics #IoT #IIoT #PyTorch #Python #RStats #TensorFlow #Java #JavaScriâ€¦","dani_pratomo_RL"
"positive","RT @simonholdorf: Data Science is among the most in-demand disciplines in 2023 &amp; beyond!\n\nBecome a Data Scientist for free with these increâ€¦","secularscammer"
"positive","RT @bigfatsurprise: Saturated fats don't cause heart disease. \nEven the USDA's own, most recent expert review showed 73-100% of studies didâ€¦","Laurel4liberty"
"neutral","@NeuroSGS It can only be because for the last 15 years the researchers who would have actually designed methodogicaâ€¦ https://t.co/KKyDjFgvlY","have_rikke"
"positive","When the goal is to have the best bottom line possible in a business, Data Science and Engineering Experts are hereâ€¦ https://t.co/w0JGMsqpKW","science_experts"
"negative","RT @an_dre_a_: We are hiring at the @UAZiSchool!! MULTIPLE TT hires in data science and game development. Come work with me and all my cactâ€¦","heatherfro"
"positive","YorkU launches new data science program, celebrates new collaborative program partnerships  #CDNPSE #HigherEdâ€¦ https://t.co/BmweSHWqJs","AcademicaTopTen"
"neutral","The CAP theorem is a well-defined concept in computer science examining the relationships between @QuaiNetwork consâ€¦ https://t.co/HvhSSAnNqH","orehin988"
"positive","@AnnetteSmith66 @chrisward666 @JohnBoweActor @AaronSiriSG Funny how you can't produce any data, so how you think Iâ€¦ https://t.co/YGouaieeQw","bhbunny_ben"
"positive","RT @bigfatsurprise: Saturated fats don't cause heart disease. \nEven the USDA's own, most recent expert review showed 73-100% of studies didâ€¦","RosettaTickner"
"neutral","RT @ezekiel_aleke: Master Python and Data Science with these courses, Zero-to-Hero.\n\nSome give Certificate after completion.\n\nFor absolutelâ€¦","zzagadatt"
"negative","@DrSJaishankar @narendramodi_in \nSir, how long does it take to get a passport for my son who is a student of AI &amp; Dâ€¦ https://t.co/ytI88fnRUt","renessatraders"
"neutral","Looking for a PCO with Data analytics or Data science experience in Montreal, asap with Merck\n@amyantek\n#dataâ€¦ https://t.co/zS6dcLgKYJ","amyantek"
"positive","RT @hasantoxr: MIT University offers a ton of free online courses.\n\nFrom Data Science to AI to starting a Start up.\n\nHere are 7 courses toâ€¦","justreactjs"
"neutral","RT @gp_pulipaka: 21 Cheat-Sheets for #DataScience Interviews.  #BigData #Analytics #DataScience #AI #MachineLearning #IoT #IIoT #Python #RSâ€¦","100dayscode"
"negative","RT @emanik: ğŸ“šData Science for Economics and Finance: Methodologies and Applications \n\nLimited time $0 book at @amazonkindle \nhttps://t.co/3â€¦","PythonBot_By_PM"
"neutral","RT @gp_pulipaka: 21 Cheat-Sheets for #DataScience Interviews.  #BigData #Analytics #DataScience #AI #MachineLearning #IoT #IIoT #Python #RSâ€¦","PythonBot_By_PM"
"neutral","RT @gp_pulipaka: 21 Cheat-Sheets for #DataScience Interviews.  #BigData #Analytics #DataScience #AI #MachineLearning #IoT #IIoT #Python #RSâ€¦","NFTMansa"
"negative","ğŸ“šData Science for Economics and Finance: Methodologies and Applications \n\nLimited time $0 book at @amazonkindleâ€¦ https://t.co/yuxpgpeNbf","emanik"
"positive","There is growing demand for computational/data-science methods in the social sciences.\n\nWork with our consulting arâ€¦ https://t.co/d8krbTda7L","MindandCulture"
"positive","RT @byLilyV: 100 Days of Code: The Complete #Python Pro #Bootcamp for 2022\n\nMaster #Python by building 100 projects in 100 days. Learn dataâ€¦","PythonBot_By_PM"
"positive","RT @byLilyV: 100 Days of Code: The Complete #Python Pro #Bootcamp for 2022\n\nMaster #Python by building 100 projects in 100 days. Learn dataâ€¦","100dayscode"
"positive","100 Days of Code: The Complete #Python Pro #Bootcamp for 2022\n\nMaster #Python by building 100 projects in 100 days.â€¦ https://t.co/eefRb5dno5","byLilyV"
"positive","RT @fabian_theis: Interested in a PhD in data science @TU_Muenchen eg in my or other labs? Munich Data Science Institute is offering Linde/â€¦","sejordt"
"negative","RT @lucadf: On herbs, insects, and judging science.\n\nDoctors and researchers realize the importance of raw data availability only when it iâ€¦","camialderighi"
"neutral","RT @awscloud: Reduce the time it takes to aggregate &amp; prepare data. â˜ï¸ğŸ’¡ğŸ“Š Learn to empower your data science teams to scale effortlessly witâ€¦","GTGCloud"
"positive","Great data science book:\n\nLearning SQL","realgabecoded"
"neutral","RT @Sumanth_077: 5 Github repositories that will help you in your Data science and Machine Learning Journey: ğŸš€","Gauraw1410"
"negative","This gives me perspective as I try to grapple with the documentation of a new data science package or desperately râ€¦ https://t.co/vbH7fhGolT","motherofdata"
"positive","RT @bigfatsurprise: Saturated fats don't cause heart disease. \nEven the USDA's own, most recent expert review showed 73-100% of studies didâ€¦","Corinafs59Gomez"
"positive","RT @BronwynM_Graham: Many meta-analyses have shown that data from female rodents is not more variable than males. But the estrous cycle impâ€¦","RoserNadal"
"positive","A new career-focused program about data science, offered by @YorkUMathStats, is coming to #YorkU soon. \n\nRead moreâ€¦ https://t.co/UfVLBNYSDR","YorkU_TandL"
"positive","RT @SanwouoBrell: ğŸ’¡ Grab this handy reference sheet now and make sure you know how to GIT the job done: https://t.co/OSuMIm7hte\n\n#GitHub #gâ€¦","CoDailychalleng"
"neutral","ğŸ“FÃ³rmate en Big Data y Data Science y conviÃ©rtete en un especialista capaz de tomar decisiones data driven y consegâ€¦ https://t.co/hHGX5YZYbR","iebschool"
"positive","RT @hasantoxr: MIT University offers a ton of free online courses.\n\nFrom Data Science to AI to starting a Start up.\n\nHere are 7 courses toâ€¦","Shahid46414302"
"positive","RT @Hasschami: Oh and btw, I am a Pharmacist and I own my own Pharmacy. I did not take the covid vaccine and never will. The left labels meâ€¦","ZenabBerry12"
"positive","RT @HPS_Vanessa: #STS colleagues - can you recommend an (undergraduate friendly) article/chapter that outlines critiques of science-as-dataâ€¦","mattbagg"
"neutral","RT @ezekiel_aleke: Master Python and Data Science with these courses, Zero-to-Hero.\n\nSome give Certificate after completion.\n\nFor absolutelâ€¦","simanigeria"
"neutral","RT @BatdavaaBatmunk: R Ğ¿Ñ€Ğ¾Ğ³Ñ€Ğ°Ğ¼Ğ¼Ñ‹Ğ½ ÑÑƒÑ€Ğ³Ğ°Ğ»Ñ‚ ÑÑ…ÑĞ»Ğ¶ Ğ±Ğ°Ğ¹Ğ½Ğ°. Ò®Ğ¡Ğ¥-Ğ½Ğ¾Ğ¾Ñ Ñ‚Ó©Ñ€Ğ¸Ğ¹Ğ½ Ğ±Ğ°Ğ¹Ğ³ÑƒÑƒĞ»Ğ»Ğ°Ğ³Ñ‹Ğ½ Ğ´Ğ°Ñ‚Ğ°Ğ³ Ğ½ÑĞ³Ñ‚Ğ³ÑÑ…, Ğ¸Ñ… Ó©Ğ³Ó©Ğ³Ğ´Ó©Ğ» Ğ°Ğ¶Ğ¸Ğ»Ğ»Ğ°Ñ… Ò¯Ğ½Ğ´ÑÑĞ½Ğ¸Ğ¹ Ñ‡Ğ°Ğ´Ğ°Ğ²Ñ…Ğ¸, Ğ·Ğ°Ñâ€¦","Buya13"
"neutral","@santoshsuprim Data science ka? Neeka?","NaguDonga"
"positive","RT @simonholdorf: Are you interested in any of these topics?ğŸ”¥\n\n- AWS, Azure, GCP â˜ï¸\n- Linux ğŸ§\n- Certifications ğŸ†\n- DevOps ğŸ› ï¸\n- Docker &amp; Kubâ€¦","pp_swag5"
"positive","RT @hasantoxr: MIT University offers a ton of free online courses.\n\nFrom Data Science to AI to starting a Start up.\n\nHere are 7 courses toâ€¦","mao597908403"
"neutral","RT @GSmaragdakis: ğŸ”¬ğŸ’»ğŸ”ğŸ†• Postdoctoral Position in \"Data-driven Cybersecurity\" @tudelft Computer Science @CyberSecTUDelft â°Deadline ** Februarâ€¦","CyberSecTUDelft"
"neutral","RT @GSmaragdakis: ğŸ”¬ğŸ’»ğŸ”ğŸ†• Postdoctoral Position in \"Data-driven Cybersecurity\" @tudelft Computer Science @CyberSecTUDelft â°Deadline ** Februarâ€¦","systemsgreek"
"neutral","RT @Minyall: Are you a Sociologist that also likes to code? Does the phrase \"working with Pandas\" make sense to you outside of a Zoo contexâ€¦","daniel_e_adkins"
"positive","Interested in a PhD in data science @TU_Muenchen eg in my or other labs? Munich Data Science Institute is offeringâ€¦ https://t.co/UBZmAaPKP9","fabian_theis"
"positive","RT @Basecamp_Res: Big welcome to @AliciaFrame1 - our new Graph Data Science Advisor! \n\nhttps://t.co/sum4DyACg4","MollySteadman1"
"positive","RT @simonholdorf: Are you interested in any of these topics?ğŸ”¥\n\n- AWS, Azure, GCP â˜ï¸\n- Linux ğŸ§\n- Certifications ğŸ†\n- DevOps ğŸ› ï¸\n- Docker &amp; Kubâ€¦","Mahatma_Molten"
"neutral","RT @mdancho84: Stop learning data science. \n\nStart learning how to solve problems. ğŸ§µ\n\n#datascience #rstats #stats https://t.co/5HAd4Hm7zC","lolalevincci"
"positive","Data Science Training for NSS Cohort\n\nToday, the Data Science trainees at the GTL main finalized their studies on Pâ€¦ https://t.co/ECEPOtwFga","GhanaTechLab"
"neutral","RT @ezekiel_aleke: Master Python and Data Science with these courses, Zero-to-Hero.\n\nSome give Certificate after completion.\n\nFor absolutelâ€¦","timothy_ndungo"
"neutral","RT @TheGeoSpatialH1: GIS has evolved to deploy data science tools and with Spatial data science businesses across industries can create solâ€¦","NtwariNaasson"
"positive","RT @Basecamp_Res: Big welcome to @AliciaFrame1 - our new Graph Data Science Advisor! \n\nhttps://t.co/sum4DyACg4","wchowb"
"positive","RT @paulabartabajo_: Wanna land a data science job?\n\nBuild ONE project that solves ONE real-world problem ğŸš€\n\n3 steps to find the right probâ€¦","GuineoDepresivo"
"positive","RT @bigfatsurprise: Saturated fats don't cause heart disease. \nEven the USDA's own, most recent expert review showed 73-100% of studies didâ€¦","ignatiuskdick"
"neutral","RT @Minyall: Are you a Sociologist that also likes to code? Does the phrase \"working with Pandas\" make sense to you outside of a Zoo contexâ€¦","MahfoudTara"
"negative","RT @VPrasadMDMPH: Don't question something that wasn't recommended pre pandemic due to bad data and has zero + cluster RCTs in kids, in higâ€¦","Pooski51"
"neutral","RT @ezekiel_aleke: Master Python and Data Science with these courses, Zero-to-Hero.\n\nSome give Certificate after completion.\n\nFor absolutelâ€¦","RohitDe94922104"
"neutral","Yey makakamove on na ko sa next topic. Data science naman, inconsistent talaga ko sa field ğŸ˜‚","JoanaEsquieres"
"neutral","RT @ezekiel_aleke: Master Python and Data Science with these courses, Zero-to-Hero.\n\nSome give Certificate after completion.\n\nFor absolutelâ€¦","lolalevincci"
"positive","RT @simonholdorf: Data Science is among the most in-demand disciplines in 2023 &amp; beyond!\n\nBecome a Data Scientist for free with these increâ€¦","malinjayaweera"
"positive","RT @ccleighton: 4) Follow the precautionary principle, not populism or polling data\n5) Let science direct changes; NOT remove science whenâ€¦","vanessatoal"
"positive","Dear @inecnigeria can I kindly access the presidential election results of the 2019  election per local government?â€¦ https://t.co/bKkYKcZoLQ","Mandouze"